3873.6147460938,3112.1291503906,2664.9743652344,2200.5336914063,1935.9514160156,1894.3043212891,1630.7026367188,1742.8928222656,1527.0216064453,1328.0178222656,1350.9505615234,1247.9918212891,1046.67578125,859.0291137695,795.7997436523,714.9435424805,659.9600219727,590.6477050781,526.354675293,444.9916687012,378.6737365723,309.7801513672,274.5104370117,240.2423248291,195.4413604736,174.5761108398,151.3778839111,146.8883209229,128.8244171143,114.4279937744,101.5704193115,87.0636749268,82.4193191528,69.8911972046,62.9086837769,57.9634399414,48.9083328247,46.6966629028,42.9811897278,40.4446868896,34.5732765198,31.1835021973,29.3074378967,24.8679885864,22.9490261078,22.1079444885,20.5423030853,22.8520202637,25.7268505096,29.0212802887
1268.1988525391,1073.7312011719,968.0192260742,800.4357299805,729.2177124023,703.6829223633,613.9661254883,586.0006713867,502.1332702637,426.6073608398,380.4034729004,340.0603027344,305.6067504883,292.8186645508,296.6818237305,257.7904052734,241.7828063965,217.1933746338,190.0892028809,163.0785369873,151.4688262939,140.2073822021,132.592376709,115.5505905151,106.0983581543,92.2800292969,86.6643981934,79.7740402222,68.9677429199,58.4286117554,54.5861740112,51.5488586426,43.0668067932,39.0013427734,36.0218429565,32.1306838989,32.0006942749,29.3722953796,25.7177600861,23.7033824921,19.9508647919,18.3713645935,15.7909946442,15.1944828033,16.0841999054,16.8357906342,16.8546161652,19.7282981873,23.6288337708,26.9398727417
1022.3095092774,861.0748901367,802.1358032227,647.5646972656,523.0164794922,523.8054199219,404.0475158691,404.432220459,369.674407959,316.4035339355,289.6099243164,247.3618927002,200.7912139893,170.3119049072,169.387512207,148.0316467285,136.258605957,127.7494659424,127.6421966553,123.965171814,101.2811889648,94.1376190186,91.5552520752,90.4631576538,78.5842514038,70.827041626,65.1490859985,49.983341217,43.6949539185,45.7728462219,36.5834960938,31.728729248,28.5296173096,26.9140777588,23.3487091064,20.5032997131,19.6751174927,17.5738048553,16.0225906372,14.6440496445,12.8927202225,12.6170597076,12.5372934341,11.7584085464,11.1248531342,11.6371564865,12.1430988312,14.240899086,20.6754112244,25.4881286621
208.4601135254,172.3187408447,182.5034637451,169.2625732422,158.6816864014,145.9177093506,122.6700897217,119.8599014282,106.6362762451,93.722869873,83.1369628906,82.4878540039,68.1746673584,57.115688324,61.2505645752,54.9073905945,52.4692001343,45.1807823181,41.3613548279,40.5359077454,35.801815033,30.8877029419,28.1653614044,27.7667045593,24.8753585815,21.9517536163,19.6284427643,19.6476478577,17.6705265045,14.7353639603,15.5130205154,14.6920804977,13.7380609512,12.7281312943,11.7461032867,9.7606983185,9.5189208984,8.5535802841,7.6360721588,7.731341362,7.6577835083,7.1470046043,6.5021934509,7.4225740433,7.5528392792,8.5099344254,9.5530977249,12.0728282928,19.5296039581,24.2725105286
389.5919799805,335.517578125,351.737121582,331.9810791016,285.4096069336,312.1575622559,249.877456665,242.3502807617,202.1920928955,177.4686279297,148.6246643066,125.7648773193,112.0115737915,111.6767425537,139.7524414063,125.3756027222,100.3181533813,94.8322601318,104.9647750855,94.0287857056,97.1256942749,90.4717788696,86.1843719482,95.0205078125,77.3180847168,69.4183731079,56.0066070557,51.1990890503,36.6635704041,31.5695991516,31.6552181244,31.4228897095,27.1221199036,23.8546829224,23.5068206787,20.2808189392,19.0444946289,15.4094047546,14.0199174881,12.0928583145,10.5711154938,11.0085163116,11.4566869736,10.6487874985,10.5256595612,9.729514122,9.4757089615,11.2575807571,18.7905044556,24.506816864
142.689453125,122.9896316528,101.0913314819,92.1979064941,79.8600997925,68.7977676392,61.4077415466,58.4376792908,55.3926582336,47.7554512024,44.2503890991,40.9610862732,33.6382369995,32.4644889832,33.2999420166,32.4930114746,31.8802947998,28.9698905945,26.7592544556,25.9498214722,22.5217094421,21.9728050232,20.8336257935,19.207277298,15.6239414215,12.8589811325,11.9404764175,10.7947969437,10.4942712784,8.4210214615,7.7515387535,7.343793869,7.2030982971,6.670791626,6.3433523178,5.9558806419,5.695546627,5.2379031181,4.7545351982,4.5449671745,4.1288862228,4.4810972214,4.6218795776,4.7872099876,4.8294849396,5.7198028564,6.1622242928,8.7806377411,18.1120529175,23.7558765411
120.3711853027,111.019203186,93.3020629883,77.7398529053,69.6201248169,67.0168533325,54.2289428711,51.8058166504,42.2176246643,39.2260971069,35.6465873718,34.0185585022,30.562828064,30.845495224,31.6106014252,35.7906036377,28.121427536,23.7783241272,23.3589706421,20.2628440857,18.2880325317,17.9186458588,18.1401901245,21.0704135895,16.9449329376,15.0063619614,13.4495792389,12.8375911713,11.9518814087,10.4144077301,8.5845880508,8.3818712234,7.4419317245,6.6725287437,6.8691120148,5.9205861092,5.4266843796,4.9638018608,4.5893988609,4.2788615227,4.154487133,4.0356473923,4.3110160828,4.5601668358,4.8016877174,5.5291996002,5.9764580727,8.7705020905,18.9411716461,24.2861099243
82.1134262085,67.5013275146,60.1879425049,52.0567398071,48.2732505798,44.3113098145,41.317073822,36.5414657593,32.5288391113,32.022064209,29.2330055237,25.9872436523,22.8501396179,22.3722667694,21.7996730804,22.8837566376,20.4557113647,19.237411499,19.8712768555,15.9511766434,14.4510622025,13.4018144608,12.2547740936,11.3626937866,9.7741470337,9.5917987823,9.5381278992,8.737953186,7.7520895004,7.0639414787,6.3810892105,6.1090145111,5.5731668472,5.1740865707,4.9690361023,4.4779410362,4.4201703072,4.0501403809,3.8984014988,3.7529265881,3.507455349,3.6186621189,3.7189881802,4.1242303848,4.4195256233,4.9838275909,5.5039772987,8.032333374,18.2162628174,24.7469558716
113.8560714722,105.5277557373,86.0612106323,72.6749649048,62.1478347778,56.1434364319,50.017124176,45.6238021851,36.7439308167,30.5605335236,27.108587265,25.7053127289,22.3860034943,20.4015579224,21.3740825653,20.5571670532,18.4530582428,16.528263092,15.3664398193,13.6662969589,13.0169420242,11.4836711884,11.6064453125,10.0179042816,8.3225040436,7.809855938,7.3190584183,6.6463580132,6.0490145683,5.6429166794,5.4467592239,4.8740034103,4.314289093,4.2564945221,4.0884776115,3.8603298664,3.5282280445,3.2865607738,3.1288535595,3.3300714493,3.5993030071,4.1852874756,4.8829445839,5.1714234352,5.2078142166,5.5128159523,5.9352536201,8.3641042709,18.865404129,24.0456562042
58.6798362732,51.2765159607,43.662727356,38.4799537659,38.1296577454,34.7689285278,31.0048065186,28.1133804321,24.1363105774,22.3206634521,20.7964229584,21.030248642,17.703742981,15.9730548859,16.0821208954,16.5740299225,14.5324993134,12.339972496,10.9345197678,10.0983438492,9.1059799194,8.609541893,8.2379760742,7.5956397057,6.6076626778,6.2872338295,6.049413681,5.7575936317,4.9881391525,4.5059123039,4.3222403526,4.054579258,3.6208701134,3.5251019001,3.5652787685,3.5483794212,3.5867044926,3.4961996078,3.3555645943,3.2104449272,3.3430218697,3.8145866394,4.5375466347,5.0217523575,5.3862051964,5.9042949677,6.8183050156,9.3476657867,19.5136528015,24.341085434
106.1805496216,97.2756958008,77.3619308472,72.4824752808,60.74061203,53.794128418,44.2288551331,39.3080177307,35.0955963135,33.0230445862,28.6335773468,24.7244338989,20.2098903656,19.2227287292,19.6777381897,19.6374931335,17.9590110779,16.3939647675,15.2473773956,13.8123788834,13.1490221024,11.6272563934,10.4557771683,9.135925293,8.0182113647,7.2759227753,6.3345060349,6.3032031059,5.5616521835,4.672563076,4.8228116035,4.475358963,4.2293696404,4.1352553368,4.1773400307,3.9565143585,3.7418420315,3.6257736683,3.6526157856,3.6801490784,3.9696204662,4.4002017975,5.6245193481,6.1320695877,6.2045960426,7.5272684097,9.2163896561,11.4442815781,19.9412155151,24.4839611053
65.7966156006,55.270401001,44.6279335022,41.9130744934,32.3140907288,31.4267673492,26.4687461853,25.9736003876,24.482049942,22.666261673,18.4679794312,17.4399223328,15.7196273804,15.121471405,14.9389505386,14.4117116928,13.735121727,11.5141220093,11.0827236176,10.013343811,9.2541313171,8.6163702011,8.0690813065,7.4756002426,6.2226104736,5.8107128143,5.7627735138,5.6259298325,4.8914446831,4.4421758652,4.2689437866,4.1443910599,3.8711535931,3.5390241146,3.5061945915,3.3458492756,3.2673606873,3.2644948959,3.3543093204,3.3953886032,3.5408859253,4.2397866249,5.0050239563,5.4990129471,5.9946484566,6.9328389168,8.8307924271,10.9587421417,18.931634903,24.3133468628
52.3081817627,49.7379493713,42.7640838623,36.5627174377,32.5602149963,29.6440849304,26.2738075256,26.1666126251,22.8879795074,21.9415073395,19.1548194885,17.1172771454,14.9212408066,13.5593347549,13.942984581,12.7826213837,11.1587018967,9.5065498352,7.8984284401,7.1344947815,6.8331394196,6.6418175697,6.0482215881,5.6192626953,4.8905863762,4.575387001,4.2736077309,4.1255555153,3.8741567135,3.6522171497,3.3932597637,2.9452116489,2.752584219,2.6707928181,2.6304781437,2.5515038967,2.5494914055,2.8198950291,3.1269152164,3.1396226883,3.3349628448,3.8519661427,4.6603226662,5.4307909012,5.9449372292,7.1207170486,9.574672699,12.15574646,19.979309082,24.1427822113
29.6026802063,27.8235683441,24.0586147308,21.7229347229,19.0985870361,18.6438598633,16.10679245,15.5861263275,14.4782094955,13.2489557266,12.9241724014,11.7204475403,10.0243244171,9.8684158325,9.385427475,9.1198616028,8.8434915543,8.4694042206,7.6342277527,7.0273795128,6.4072909355,6.129201889,5.9881510735,5.2060952187,4.4620542526,4.5680336952,4.3156023026,4.0843629837,3.910091877,3.710423708,3.511002779,3.6229224205,3.4774913788,3.4691464901,3.5289268494,3.4599823952,3.4235036373,3.5960643291,3.8735306263,3.9821677208,4.3530044556,4.9549355507,5.5817847252,6.18846035,7.2582383156,8.6376905441,10.9207773209,14.0898685455,21.5433921814,24.6818656921
27.9701213837,24.5880050659,21.1644172668,20.8132705688,17.6006851196,17.9016113281,16.5625114441,18.524553299,16.1630382538,14.9585132599,12.9059085846,12.2934160233,10.4092102051,9.3672494888,9.378329277,9.8077993393,9.2521028519,8.1945991516,7.4899501801,6.6972250938,6.4298276901,5.8508892059,5.5583128929,5.1083397865,4.3571472168,4.1746139526,3.9357492924,3.858725071,3.7744476795,3.3359408379,3.2952318192,3.2801902294,3.0898530483,3.3047864437,3.2414269447,3.4686844349,3.1922709942,3.3258171082,3.6179049015,3.7994565964,4.6936016083,5.3720259666,6.1500248909,6.809401989,7.4463319778,8.9756765366,11.0545845032,15.0721664429,22.3722515106,24.4808731079
44.5461730957,41.0234336853,35.3814430237,32.8291702271,28.9005680084,25.7432689667,21.540271759,21.549987793,19.8557720184,17.8801136017,15.3132171631,14.2555742264,12.5636405945,11.3966369629,11.0444726944,10.2270994186,10.25278759,10.3508615494,9.530087471,8.5952596664,7.3868179321,6.2850365639,5.9808449745,5.6328487396,5.1152968407,4.7936687469,4.4900026321,4.8328065872,4.5578179359,3.8436131477,3.7915718555,3.6910104752,3.4290442467,3.5677986145,3.3312959671,3.6208369732,3.7530720234,3.7086141109,3.9676117897,4.1893157959,4.6282434464,5.1629681587,5.749733448,6.4402418137,7.5781579018,9.0962324142,12.1244039536,15.8387136459,22.3892707825,24.5202560425
29.4184188843,27.7245597839,23.4822292328,20.4660396576,18.1960678101,16.7269191742,14.0991802216,13.13468647,10.7227916718,11.3826370239,10.6840438843,9.8747158051,8.8996715546,8.5704059601,8.9103775024,8.741312027,8.1605367661,7.3352503777,7.093978405,6.4749121666,6.2014107704,5.699095726,5.5696425438,4.8702511787,4.5514521599,4.2005901337,4.0474596024,4.0282845497,3.7286827564,3.5678555965,3.532636404,3.6577167511,3.5519104004,3.6073701382,3.6710293293,3.7577252388,4.0028209686,4.3503146172,4.630464077,5.0123376846,5.7686047554,6.6663093567,7.6941370964,8.2593536377,9.0102701187,9.6602478027,11.9243555069,15.1512308121,21.7064170837,23.8766670227
35.9054489136,32.1904830933,30.8458862305,27.0672340393,23.7627391815,20.409236908,18.3103370667,18.0014915466,17.7586784363,17.0472373962,15.3565664291,13.9388856888,11.6654014587,11.1774368286,11.1856117249,12.2373437881,12.0135641098,10.3749551773,9.6017045975,9.3547115326,9.9971637726,9.586769104,9.3032026291,8.0509700775,6.7619485855,5.7400093079,6.3048110008,5.6467065811,5.5047163963,4.6394834518,4.5328793526,4.8703937531,4.3753657341,4.36439991,4.3955001831,4.5428123474,4.5610017776,4.974902153,5.3661336899,5.6328458786,6.4355635643,6.9384112358,7.9376497269,8.5749616623,10.1505155563,10.3199052811,12.404094696,14.837184906,21.1929073334,23.8511676788
48.586555481,48.2553062439,38.8367080688,37.5658798218,31.3201541901,30.3807582855,23.4388484955,22.4469528198,20.1465301514,19.3754272461,16.3962612152,14.1944704056,12.026515007,10.695145607,10.6748886108,10.7797002792,11.1434497833,10.6222019196,9.5848655701,9.4973945618,8.9485521317,7.939895153,8.0083618164,7.231171608,6.1999468803,6.0604410172,5.614426136,5.121304512,5.8271102905,5.1348323822,4.9947218895,5.1786990166,4.6545591354,4.6416110992,4.6230926514,4.5918889046,4.1943230629,4.1142792702,4.3321728706,4.6617765427,5.8065156937,6.3182854652,7.4988679886,8.2553052902,9.7891559601,10.2317457199,11.8439588547,13.4897470474,20.2909812927,24.1889190674
28.4430141449,30.0057067871,28.0932998657,28.2320861816,23.6959095001,23.2002410889,20.3063564301,21.3501911163,18.5475769043,15.3118314743,13.4884471893,13.3323945999,12.0366477966,11.3048028946,11.5111627579,10.9496440887,10.5606575012,11.011013031,9.9000310898,8.7767066956,8.0167417526,6.9511508942,6.7677774429,6.2910919189,5.8151035309,5.7508511543,5.5822181702,5.7914509773,5.3482842445,5.2260198593,4.8859024048,5.6274037361,5.500430584,5.688164711,5.1874217987,5.3559865952,5.4126591682,5.8572282791,6.800716877,6.7537178993,7.7810592651,8.8224697113,10.7206220627,12.4527282715,14.4861364365,14.574007988,15.623509407,16.6070575714,22.9936943054,23.8114147186
14.0612602234,13.6495037079,12.9555959702,12.7883062363,11.165971756,11.8309440613,10.4489097595,10.8709411621,10.194606781,9.3131322861,8.3647232056,7.9870071411,7.1518511772,6.2908768654,6.3771190643,7.144536972,6.9691486359,6.4462203979,5.9070558548,5.6290946007,5.2394280434,5.2544574738,5.006799221,4.8015656471,4.7818989754,4.658041954,5.0140657425,5.2912149429,4.9331216812,4.6785068512,4.6515135765,4.7606186867,4.6428985596,4.4321875572,4.6561727524,4.6987452507,4.8574051857,4.9100728035,5.1838355064,6.05337286,7.1016869545,7.7442059517,8.2559280396,8.8471498489,11.2379217148,12.1326684952,13.0836639404,14.5612812042,21.9055538177,23.36835289
11.4865493774,10.618642807,9.8120117188,9.2788686752,9.1660022736,7.9648370743,6.9720363617,7.6642160416,7.172501564,6.3369479179,5.829269886,5.5069804192,5.1927032471,4.9754347801,5.3388180733,5.7878675461,5.6869215965,5.462996006,5.5655164719,5.3149266243,5.4977369308,4.8050227165,4.9893217087,5.2454991341,5.1434550285,5.2973866463,5.9552359581,5.3542485237,4.9972963333,4.5904679298,4.7147374153,5.0827922821,5.1873936653,5.5042433739,5.5512495041,5.8935089111,6.5225505829,7.1335287094,7.3914580345,7.6172308922,9.8312969208,10.3635540009,10.2758922577,11.4003763199,14.3618755341,13.5754108429,13.7612571716,14.9809932709,22.7687778473,23.7538051605
22.7247905731,19.0385150909,15.5428094864,14.0836143494,13.5682668686,12.492521286,11.3468694687,10.8960380554,10.477889061,9.5731706619,8.9493913651,8.9450912476,8.5396242142,7.8772120476,7.8602895737,8.1084737778,8.357427597,8.3488073349,8.0141963959,7.2904853821,7.234149456,6.6037983894,6.7916870117,6.6605334282,6.2975592613,6.3302087784,6.3712944984,6.4108705521,5.9381403923,5.921749115,5.9031882286,6.2730937004,6.380282402,6.421061039,6.4791145325,7.1240782738,7.4196209908,8.3685445786,8.6865415573,8.5497131348,10.481967926,11.0755138397,10.3369073868,10.3212785721,12.1768398285,12.6625432968,13.0507335663,14.8664169312,20.7437934875,21.7083950043
16.9665851593,13.8214578629,13.1300535202,13.8179216385,12.0935935974,11.1037302017,10.1263647079,10.3331165314,9.0761184692,8.9291095734,8.4425210953,8.73665905,9.0731744766,8.751291275,9.3645048141,9.6453971863,10.1336698532,9.1323423386,8.7598237991,8.2143125534,7.5581402779,7.1560211182,7.1879301071,7.5547151566,7.1167869568,7.2602758408,7.4347476959,7.7441062927,7.2728199959,7.7186441422,7.7330060005,8.277132988,8.0609302521,8.2854833603,8.1020421982,8.8186922073,8.4753036499,8.4995346069,9.0460834503,8.8355445862,10.7582988739,10.4080886841,10.8090963364,10.7826871872,11.6506109238,12.6039018631,13.1299495697,14.2896537781,20.0958862305,20.8802890778
12.6362667084,12.3487958908,10.8010253906,9.8658313751,10.1311502457,9.7917194366,8.9231815338,8.8346710205,7.758187294,7.4421095848,7.2938375473,7.1420383453,6.5182175636,6.338613987,7.7202787399,8.7153615952,8.9753856659,8.3133983612,8.6267623901,9.208530426,9.271689415,8.2714366913,9.4970626831,9.5796041489,9.388417244,9.2882957458,10.0070152283,10.9357748032,10.2964544296,9.8384647369,9.8331727982,10.0551309586,9.8344268799,9.9592647552,10.8855075836,11.7151956558,11.94784832,10.8302602768,11.1791992188,11.7026252747,12.9749650955,12.1752614975,12.4751367569,12.9456043243,13.8872585297,13.5498094559,14.9280719757,14.5268964767,19.0972328186,19.6772975922
16.7560520172,15.2801580429,13.8716449738,13.3310642242,13.287735939,13.2400970459,12.2380771637,12.182715416,12.3268651962,10.8020706177,10.2127361298,9.8936548233,9.9568367004,9.5080890656,9.7241773605,9.3487739563,9.2921209335,9.1173067093,8.6189918518,8.4863452911,8.2071590424,8.040602684,8.6133823395,8.6914024353,8.9134950638,8.7554016113,9.0128822327,9.7713499069,9.9553098679,10.5098457336,10.2272338867,10.8373222351,9.8410081863,9.7825050354,9.7482671738,9.4208393097,9.7593917847,9.6301469803,10.2784690857,9.8118057251,11.2862329483,11.383184433,11.8891382217,12.9272327423,13.9926958084,13.7413806915,15.2195672989,15.3204898834,19.1037502289,18.3740653992
7.5204744339,6.6884393692,6.469865799,6.3914518356,6.269115448,6.1686091423,5.5380158424,5.7939367294,5.4700579643,5.2656593323,5.3429021835,5.3633518219,5.4793477058,5.3018460274,5.447040081,5.716026783,5.5923929214,5.7544264793,5.6016469002,5.5851998329,5.4756479263,5.2500920296,5.6291656494,5.6221032143,5.2702698708,5.62495327,6.3420295715,6.8032021523,6.8123903275,7.1543664932,7.5838418007,7.4072384834,6.8961868286,7.0954046249,7.6404213905,7.1586127281,7.2900471687,7.7376871109,8.4756145477,8.4731416702,8.6387405396,9.1525726318,9.8284988403,10.509847641,11.0514659882,11.7182941437,12.5580196381,14.1292009354,18.3749580383,17.2199001312
21.9843120575,17.3367958069,16.5788002014,16.1206130981,14.9913692474,13.2899160385,13.8294906616,12.8276481628,12.264421463,10.7949390411,10.911491394,11.4347028732,11.1010904312,10.5601577759,12.3034877777,12.6700286865,13.0319337845,12.0074663162,12.1204528809,11.3316431046,11.788269043,10.8165130615,10.4559440613,9.9740562439,9.099275589,9.8940286636,11.2552909851,13.0102825165,11.7577695847,11.4285850525,11.4754858017,11.199889183,11.106803894,10.9887933731,11.5055942535,10.5526304245,10.8791646957,11.3812656403,11.7328491211,11.1899518967,11.7239151001,13.1631011963,12.9580430984,13.520236969,14.5031204224,14.7414216995,15.5669279099,16.6217689514,21.0209636688,19.3868522644
15.4845867157,13.7693071365,12.5620689392,12.4823846817,11.8982028961,11.144156456,10.5111675262,10.9234027863,9.5590076447,8.5827703476,8.5944871902,8.1233348846,8.2284135818,7.1088652611,7.2200837135,6.9855442047,6.5649852753,6.4120731354,5.8159327507,6.0719957352,6.32010746,5.7828335762,6.1762495041,5.9697141647,5.7072024345,5.8713226318,6.3020205498,6.451051712,6.0179700851,6.0764560699,6.2334089279,6.398358345,6.9253487587,7.2169914246,7.5588216782,7.4338521957,6.8118596077,6.7098274231,7.2576036453,8.3280572891,9.4895143509,9.8926401138,10.8143568039,12.078119278,12.8544750214,13.5759754181,14.763794899,16.3533821106,18.5584945679,16.5305938721
7.0043125153,6.5416712761,5.877571106,6.2691054344,5.8726663589,6.320950985,5.928999424,6.5474500656,6.0895466805,6.5168204308,6.1314649582,5.619866848,5.6736936569,5.9868240356,5.8116192818,5.6486377716,5.5165977478,5.5140123367,5.4989070892,5.5800018311,6.4854331017,5.7974176407,5.690489769,6.1695814133,6.3000054359,5.9686336517,5.6607966423,5.5250878334,5.2131752968,5.2494769096,5.7552165985,5.8589477539,6.6555218697,6.8593192101,7.1834840775,7.3285694122,7.7242426872,8.0034456253,8.2211112976,8.6115665436,8.8726005554,9.7476568222,10.1240825653,11.5064907074,11.7972240448,12.1345014572,14.2777833939,14.8538331985,15.4130945206,14.0328760147
19.5341129303,17.6655368805,15.4396371841,14.3487377167,13.0845108032,14.0764694214,13.5535755157,13.5952892303,12.8288116455,11.4574985504,11.8376665115,11.6025543213,11.1873159409,9.540307045,9.5710105896,11.5469617844,11.3789768219,11.7014799118,10.8317747116,10.0701351166,8.8799085617,8.0995845795,8.6290779114,9.3790569305,8.8685703278,8.9264678955,9.5357694626,9.0061979294,8.5227251053,8.7986860275,7.9439687729,7.9452829361,8.5029268265,8.8559837341,8.4846448898,8.7698802948,8.8001089096,9.0464754105,9.3533725739,10.3780984879,10.7976808548,12.4061746597,13.56270504,14.1569852829,14.0570039749,15.0492143631,17.2971820831,18.6666622162,20.2700977325,17.1658840179
23.8306789398,19.7863254547,16.0883331299,14.8239841461,15.6844902039,16.2840080261,15.4219884872,14.5024147034,13.4557447433,14.3730211258,12.5238428116,11.9939994812,13.8210496902,13.6207780838,11.9326286316,12.0665998459,9.9853429794,10.4327020645,9.3778562546,8.5045156479,8.6026992798,8.5972661972,10.2647027969,9.6634654999,11.4856023788,13.5309314728,12.5099821091,11.442399025,10.7809858322,11.6202249527,11.2417497635,10.3470878601,11.0406970978,11.1056194305,12.2990541458,11.0229530334,10.8911209106,11.215798378,11.1524105072,11.742193222,12.0592937469,12.241435051,13.8866443634,14.2399845123,15.057015419,16.0585803986,18.0198440552,18.123254776,20.3531837463,16.4687271118
27.7008724213,21.1916503906,20.6449127197,18.043510437,18.2262420654,18.3728923798,20.9457550049,21.9364261627,20.9440155029,19.0029144287,18.7506771088,20.1097774506,18.9159374237,17.0270671844,16.8713321686,19.1612014771,15.7120895386,16.4300880432,14.3114299774,11.6801023483,11.5197963715,10.2626190186,10.9892625809,12.1968917847,10.8885221481,11.2978610992,10.1090221405,9.9690685272,9.168797493,8.4679899216,7.3322815895,7.2158184052,7.2675228119,7.3475666046,7.2603945732,6.6844553947,6.920106411,7.9381084442,9.0943374634,9.5409622192,10.2825260162,11.4197759628,11.9360074997,13.0506324768,13.748708725,14.3081178665,16.0850715637,17.899892807,19.1141223907,15.6911888123
10.049489975,9.5237731934,9.4659776688,9.2950983047,9.8395376205,11.3062076569,12.3435325623,10.8133010864,11.4985971451,10.3538141251,10.6785316467,11.250243187,12.0019645691,10.0325593948,10.399679184,10.5544910431,10.0496320724,8.9728775024,8.9175271988,8.387093544,9.5290822983,8.4950876236,7.5837287903,9.0946435928,7.9905805588,8.7395181656,7.5831689835,7.8990893364,6.8744235039,7.2814412117,7.0195479393,7.4068131447,6.4236941338,6.8286948204,7.8115162849,7.2617931366,7.3975987434,7.5187807083,9.9665164948,10.3128976822,11.2004270554,11.7752084732,12.8929395676,13.2610654831,12.3531150818,12.430357933,12.8917551041,14.657160759,16.4866523743,13.3249988556
15.369559288,14.0200748444,12.2726202011,12.1919937134,10.0595293045,10.2452735901,9.5350112915,9.3112716675,8.7603521347,8.4053010941,9.0627641678,9.2140245438,9.8027439117,8.9619178772,8.8432235718,10.0460300446,9.3893175125,9.3338193893,9.1511745453,8.9768629074,9.4712524414,8.1114969254,8.1906652451,8.6274490356,8.8288326263,9.9324035645,9.9199399948,9.4856491089,9.2991123199,8.638543129,7.8401904106,8.6390686035,7.9896874428,8.5774002075,8.2609176636,7.7106356621,7.7809796333,8.7363386154,9.4300918579,10.6011371613,11.0934534073,11.5657682419,12.7269945145,12.4093914032,12.4581689835,12.437792778,13.4059295654,15.8438682556,16.9451904297,13.0391559601
97.2109069824,78.6676483154,75.0904693604,74.2875518799,73.9969482422,78.0835800171,73.9781799316,63.817401886,58.6181526184,44.391418457,41.3116035461,40.9423217773,32.4734725952,28.5604801178,24.4480342865,23.6650466919,20.4332504272,19.104631424,19.2081394196,17.7915420532,16.4056148529,12.8192663193,11.3644189835,11.1692256927,9.7054605484,8.9951353073,7.9727921486,7.7673578262,7.8922772408,6.9561009407,7.4959425926,7.6705493927,7.7110300064,7.4510450363,7.3268666267,8.1160268784,9.1184015274,9.7877225876,10.5696868896,11.9009447098,12.4641056061,12.8414869308,12.8745546341,12.9729681015,12.9003725052,12.8809995651,13.6811752319,16.1447143555,16.212808609,13.8448419571
9.8105287552,9.9126300812,8.9535360336,8.4055376053,7.5693583488,8.3036575317,8.8866882324,8.8863735199,7.2363491058,5.7794499397,5.6340403557,6.4849720001,6.7815599442,6.5312452316,6.3565921783,6.8174786568,6.3592567444,5.9367485046,5.3256134987,5.6176590919,6.1507153511,5.6217198372,5.811712265,5.503308773,5.0711545944,5.4436955452,4.8998866081,5.0221424103,5.1994633675,4.7418751717,4.5858798027,4.7663435936,4.5301651955,4.4259781837,5.2786626816,5.4796051979,5.9390468597,6.374109745,7.4426803589,7.7854804993,8.7991399765,8.8585987091,10.3412895203,11.0849695206,11.6395301819,12.1556777954,12.5071296692,14.2119646072,13.5831537247,10.7755718231
23.047088623,22.391828537,20.1542186737,17.6979045868,15.3447828293,16.7563915253,16.8944129944,14.6062440872,14.6126079559,11.7872877121,11.4315834045,11.9720211029,11.8516435623,11.5504741669,11.4904336929,11.5476093292,12.1167926788,12.6616439819,13.1912355423,13.1367082596,13.4393262863,10.8367424011,10.1046552658,10.2117595673,10.9047517776,11.9839677811,12.1326036453,10.1220903397,10.4287252426,10.8124904633,9.9154396057,9.1608104706,10.3079881668,10.4399204254,10.8890838623,10.5666360855,10.5940093994,10.7384433746,10.7482481003,10.4613428116,10.4418001175,11.096654892,12.8896284103,13.1988248825,14.7406158447,16.3454704285,17.7679233551,19.5683040619,18.6452522278,15.2613182068
8.2492580414,8.0999612808,7.8022847176,7.0564231873,6.8349685669,7.3081011772,7.5073580742,7.0109806061,7.3489365578,6.7039160728,5.8688502312,5.3167800903,5.2718248367,5.0941696167,5.3456754684,5.4932789803,5.4801549911,6.0490446091,6.0222597122,6.0955252647,6.0921497345,5.803381443,6.2756648064,5.8985714912,5.214474678,5.47433424,5.883266449,5.0910105705,5.8099284172,6.594367981,6.8646874428,7.4668602943,8.2506484985,8.8619470596,9.5655183792,9.6409482956,10.5733585358,11.0104589462,12.0657424927,12.0205535889,11.3584899902,11.1908407211,11.5957841873,11.1227560043,12.1285886765,14.0550355911,17.2643222809,20.3414421082,18.871805191,14.8527240753
8.320725441,7.9729585648,6.9549865723,6.9983043671,7.5495257378,7.8136520386,7.0434656143,7.0938611031,6.9216833115,5.7048592567,5.3512544632,5.6001644135,5.618165493,5.3987307549,5.3825764656,5.1453700066,4.9812836647,4.9638953209,5.1796545982,4.8756155968,4.9034976959,4.8219227791,4.9668936729,4.5300836563,4.3808784485,4.8016490936,4.7369771004,4.5399026871,4.9231247902,4.26475811,4.373398304,4.3043308258,5.0650248528,5.3832154274,6.3583016396,6.4402151108,7.5219364166,7.9697289467,8.4640741348,8.5907077789,9.1462202072,10.3051624298,9.9267244339,10.6904039383,13.2748470306,15.907374382,17.2872180939,18.110086441,17.4747486115,13.0397958755
20.4056339264,20.4473323822,19.2328510284,16.2721595764,14.9934720993,15.8580932617,15.661438942,13.6004734039,13.9851636887,10.6395025253,9.9311656952,10.3656806946,10.7857608795,10.4227380753,10.347533226,10.13306427,9.8390512466,9.9358243942,10.1389465332,9.6759691238,9.4887008667,8.6268405914,9.087884903,8.2996883392,7.2865247726,7.6294689178,7.0817947388,6.2189307213,6.0137734413,6.2094764709,6.3360729218,7.4294734001,9.2162265778,10.0163059235,11.0114126205,9.7672510147,9.5965557098,10.0992021561,9.4111690521,9.7350673676,9.7457523346,10.5241527557,11.9871721268,12.2490673065,14.023399353,16.0882034302,16.7247047424,20.1439418793,19.2158813477,14.2408657074
25.8376865387,25.1372013092,23.4764995575,21.8835315704,19.5904693604,20.1715221405,18.7668037415,17.0324935913,16.3470897675,12.5930604935,12.608247757,12.2153148651,12.1737794876,11.4106855392,10.7483968735,10.2346830368,10.3550424576,11.2752866745,10.0583286285,9.6717281342,9.8614358902,8.5310497284,8.1713705063,8.7233142853,9.2327346802,9.2723588943,9.4037094116,8.1923885345,8.1773452759,8.3418207169,8.4653987885,9.5247869492,11.0347166061,12.0376882553,13.7224779129,12.4431791306,13.5932168961,14.6164283752,14.1492385864,13.8695793152,13.9650583267,13.1304197311,15.8216152191,14.7381706238,15.8829936981,18.1056060791,18.0766658783,19.1041126251,17.7896690369,12.5701522827
5.2583794594,5.2870225906,5.7023873329,4.9561629295,4.697075367,5.3093643188,5.7589063644,6.0716724396,6.0426092148,5.8054561615,5.7887997627,5.9919419289,6.8118076324,6.3757405281,5.9032950401,5.4988136292,6.2534313202,6.63042593,6.2592487335,6.7505030632,7.7644619942,6.8740844727,6.283809185,6.3466553688,7.0294113159,7.5564951897,7.4601273537,6.7462668419,6.2588176727,7.0073370934,6.1562161446,7.1768403053,7.8565912247,9.4817247391,10.2779655457,11.3976840973,11.5015830994,11.2711362839,12.4393749237,12.2751684189,11.9487352371,12.8137683868,17.1812496185,16.2527942657,17.0902557373,17.78083992,18.3669376373,19.3380184174,17.9666080475,13.003493309
5.1165628433,4.8505206108,4.1730599403,3.8079402447,3.4127783775,3.4479031563,3.0972235203,3.1194167137,3.084820509,3.3071887493,3.487282753,3.4852471352,3.6888177395,3.497584343,3.7099320889,3.8101522923,3.7704131603,3.4580047131,3.0651431084,3.4097144604,3.449655056,3.3367362022,3.4711236954,3.8175177574,4.0723586082,4.0558590889,3.985429287,4.3277611732,4.7239313126,4.1268267632,4.503909111,5.4133763313,6.5053458214,9.1636142731,11.5574455261,10.5242042542,10.2380285263,9.8035240173,10.4486341476,9.0228233337,10.4975347519,12.0535831451,15.0179138184,16.422586441,16.8113822937,18.4099617004,18.1098823547,20.1950855255,18.6470775604,13.1501789093
8.5191516876,7.6840481758,6.7715754509,5.5870528221,5.7722835541,5.4591050148,5.7090902328,5.7049655914,4.9325628281,4.4184241295,4.2207131386,4.2519521713,4.8904519081,4.7420639992,5.2887310982,5.2869582176,5.2037053108,5.4858322144,4.8175787926,4.3949995041,3.9084670544,3.3270030022,3.5905368328,3.378872633,3.6115226746,3.639903307,3.8367199898,3.4808063507,3.7450122833,4.0985283852,4.617603302,5.5074291229,5.7283482552,6.8479804993,7.5175843239,6.4639716148,6.2890543938,6.1606526375,7.5756168365,8.7578401566,12.0244789124,13.3826618195,16.2015399933,17.0442733765,16.7895278931,16.5710086823,15.9114532471,18.0291347504,17.0795669556,12.0969429016
12.1999568939,12.7380514145,11.8800735474,10.5306892395,9.6123075485,10.5506687164,9.5227994919,7.8572859764,7.6498379707,6.6073622704,6.5701799393,5.3721318245,5.5757708549,5.8019719124,5.677523613,5.2037796974,5.0313081741,4.5284562111,4.2883124352,4.1133365631,3.9358696938,3.623957634,3.7277560234,4.1477470398,3.834107399,3.6897833347,3.8591525555,3.5703063011,4.1856050491,4.840025425,5.1621813774,6.1991620064,6.2881560326,6.3047447205,6.4379553795,6.0025625229,5.9922180176,7.0467524529,8.133641243,8.0139780045,10.1647100449,10.6049022675,12.7736978531,13.1830158234,12.7439222336,14.5774679184,13.3806505203,15.9523534775,14.7682285309,9.9237928391
9.5890378952,8.8300800323,7.8068985939,6.9447050095,6.6157393456,6.7017350197,7.1008901596,6.890171051,6.7892875671,6.5441117287,6.1632800102,6.0912837982,6.7917504311,6.884516716,6.5260124207,6.5319166183,7.5640621185,8.6423788071,8.0931224823,7.9527873993,9.1381406784,8.3687963486,8.5846967697,10.1536836624,10.2571592331,9.4246034622,9.5644540787,8.3255586624,8.6633033752,9.2521953583,9.525475502,11.087641716,11.4366989136,11.3724908829,11.0804748535,10.2702236176,10.6538953781,11.4704246521,11.7438802719,12.1707696915,14.6262664795,15.3000869751,17.1965179443,17.7849178314,19.0160083771,21.5413856506,19.3840255737,22.6612472534,21.4553413391,14.397600174
24.2793750763,17.933259964,15.1597080231,14.7078199387,12.4666604996,11.86805439,11.0094585419,9.9273233414,9.5016269684,8.156835556,9.0073823929,8.7363061905,8.3279066086,8.0263433456,7.2283706665,7.1902422905,6.1281180382,6.1621346474,6.2102026939,6.4448308945,6.3538126945,5.4091515541,5.4471416473,5.7893815041,5.4014649391,5.1051054001,4.9848093987,4.652782917,4.4391021729,4.3317966461,4.1664571762,4.3700847626,4.4621224403,5.1517043114,5.5619111061,5.4120845795,5.7577080727,6.277159214,7.0456986427,7.344640255,8.3234624863,9.092010498,9.6119384766,10.5307846069,11.6890506744,13.6398715973,12.9625101089,14.4971008301,14.80119133,10.4200744629
14.1225194931,12.3324136734,10.3109426498,9.295381546,9.4249897003,9.3798522949,8.6666688919,8.2459583282,8.285364151,7.8286585808,8.1146583557,7.8078355789,10.3163557053,8.8178672791,8.8785324097,8.9774951935,7.9272122383,8.8720521927,8.3259496689,8.1062841415,8.0171575546,7.6226081848,6.8811588287,6.7724552155,6.1272192001,6.589589119,5.9899654388,6.6259651184,6.7874073982,7.2641806602,7.4581518173,7.9190855026,9.2029590607,9.1538248062,9.2152681351,10.6477928162,10.2726640701,10.8368558884,11.4964122772,10.5659427643,11.7916631699,12.281042099,13.1976509094,14.8493871689,15.5705051422,18.2092056274,16.4652500153,20.1156482697,20.8520526886,14.9313726425
10.3451843262,9.1811656952,8.0601930618,7.3340563774,6.4927520752,6.6053614616,6.5986790657,6.7371683121,6.7795958519,6.8479270935,6.9393754005,6.8197379112,7.006896019,6.0753760338,5.7197856903,5.5764503479,5.5875067711,5.8268594742,5.3308682442,5.4401612282,5.4385671616,4.906015873,5.4412975311,5.7091565132,5.6086168289,6.3340911865,6.3981246948,6.7779717445,7.5015439987,7.2987136841,7.4458637238,7.8592171669,8.3287363052,9.8826694489,10.7340908051,10.9632606506,10.6047515869,11.9493999481,11.6149244308,11.093870163,12.5521020889,13.346326828,15.7300510406,17.0752048492,18.7702617645,20.3108100891,16.6226844788,20.7750263214,19.9402160645,14.4560966492
8.7302598953,8.2962379456,7.7191843987,8.6613512039,8.5338926315,9.62504673,8.9769029617,7.9964361191,7.9260087013,7.0167207718,5.6094126701,5.3914952278,4.905605793,5.1272153854,5.0195345879,5.0063300133,4.8148765564,5.5379047394,4.9889922142,5.2398066521,4.7071027756,4.1135630608,4.1908955574,5.0552206039,5.0784020424,4.7350354195,4.3895196915,4.9995746613,4.8220396042,4.6050257683,4.7391285896,4.6767668724,4.973335743,6.3357453346,6.2232394218,6.2591590881,6.9440221786,7.9485230446,8.5182342529,11.3822793961,11.2453260422,12.2073507309,13.3243370056,14.0874652863,14.2650537491,15.3652095795,13.2209568024,16.2032661438,16.0219745636,11.6433010101
17.8289241791,16.7176055908,14.7187070847,13.5220966339,13.074382782,12.9932756424,12.9167909622,13.4655752182,11.813451767,11.2221078873,11.1474628448,11.8032979965,13.0630149841,10.8538656235,10.476184845,12.0564250946,12.6029911041,11.8553667068,10.4798879623,10.3242330551,9.3754110336,7.6605410576,7.5656461716,7.9802851677,7.8852171898,8.1270275116,7.9727506638,7.823071003,8.1286039352,7.7339625359,7.2311115265,7.1203312874,8.0498104095,7.902823925,8.2060117722,8.4967622757,8.7312393188,9.5655755997,9.1709852219,9.6229534149,10.1459341049,12.0057945251,13.603061676,17.0891494751,16.8718128204,17.5964870453,15.3224954605,17.8524036407,16.9950485229,11.8970384598
7.6061501503,7.3781890869,7.2456665039,7.1418981552,6.5813183784,6.32143116,5.9450449944,6.2053828239,6.5180091858,5.9683070183,5.5717401505,4.8246617317,4.9386658669,5.378718853,4.9264559746,4.6053524017,4.2990193367,4.6225838661,4.4281158447,4.2466034889,4.268684864,4.2550520897,4.5254869461,5.9089040756,5.6819519997,5.7789573669,5.2954750061,6.1535944939,6.2843332291,9.355553627,8.5587043762,9.3108987808,11.1063899994,10.0354137421,9.8941431046,10.5715923309,9.7485284805,12.147652626,12.1374483109,12.8218460083,13.7205991745,14.6415243149,18.131444931,20.5889205933,20.5516853333,21.0387516022,18.0418624878,18.8111782074,17.4220619202,12.0156450272
7.4683394432,7.1154408455,5.9411211014,6.0871691704,5.9442405701,5.4824900627,5.9287204742,6.0199532509,6.2162570953,5.8873853683,5.6362009048,5.6796178818,6.6559243202,5.7259936333,5.8356347084,6.4743938446,6.0285553932,6.2777814865,5.7679858208,5.5403442383,5.0932765007,4.2257962227,4.7645835876,5.2961988449,5.0266032219,5.7715888023,6.0930089951,6.1837887764,7.3181977272,7.9908599854,6.3568816185,6.4202547073,6.8894119263,6.6755886078,6.4863491058,7.0938181877,7.0395956039,8.0993461609,8.7474679947,11.8581018448,12.3826332092,14.1080226898,17.3997325897,19.4642620087,17.0955715179,18.0734519958,18.5298080444,23.6627731323,21.7178401947,14.7404727936
3.8321681023,3.6996796131,3.1332931519,2.8087387085,2.8059043884,2.9515073299,3.0187695026,3.4277462959,3.3246672153,3.2016935349,3.3667461872,3.423735857,3.6252462864,3.0718960762,3.280618906,3.7957561016,2.5724363327,2.7145543098,2.5289692879,2.6529197693,2.72905159,2.9925692081,3.3039634228,3.7219083309,3.5629239082,4.4747781754,4.7837114334,4.9423851967,6.4373188019,6.9783287048,6.8954305649,6.6273775101,6.8462824821,6.2179884911,6.325176239,6.409845829,5.764934063,5.9577569962,5.9326000214,7.5298109055,7.6375889778,8.1440553665,10.26932621,10.9508171082,10.4308757782,10.4039087296,12.2031621933,15.5005397797,15.5139036179,11.2920103073
5.2383413315,4.5067782402,3.9462153912,3.8780636787,3.6881289482,3.4841287136,3.6896879673,3.4525456429,3.2413728237,2.9579811096,3.0411627293,3.0971946716,3.238912344,2.9810562134,2.8887507915,2.9611635208,2.9239332676,3.0082514286,3.0737483501,3.2234039307,3.2144062519,3.0856165886,3.3131613731,3.5128819942,3.3950986862,3.7784028053,4.2646112442,4.5537791252,5.6517910957,6.1505408287,5.6199645996,5.038424015,5.3654084206,5.6658658981,5.2877111435,5.7658891678,5.1210384369,5.8102617264,5.6177568436,7.2336544991,7.0399909019,8.1405963898,9.6390047073,11.2207641602,10.9394235611,11.3516979218,10.652048111,12.2184352875,11.7459421158,8.0419845581
58.2181549072,45.681186676,40.910697937,33.4955596924,27.1341304779,21.2893390656,17.7061977386,16.7786064148,15.2295818329,11.2782268524,10.5929403305,9.0654039383,8.6596746445,7.2603940964,6.8969812393,7.2114510536,8.0281219482,9.1340236664,9.506685257,9.7905321121,8.5780982971,8.077085495,8.5979604721,9.1500720978,8.627746582,9.4330816269,9.2847528458,9.2323980331,9.7302064896,9.170671463,7.5084252357,6.5297312737,6.5013718605,6.768321991,6.2217435837,6.3644781113,6.7461662292,8.5494012833,8.8990631104,11.1208868027,11.0135526657,13.0305633545,14.9426527023,15.4596948624,14.9077739716,15.4372797012,16.8578720093,20.5281562805,19.2463817596,13.5778112411
14.4573688507,11.9153184891,11.2105255127,10.3567562103,9.4337291718,9.0695400238,8.1275177002,6.9272122383,6.524974823,5.0137891769,5.446969986,5.1473536491,5.0090656281,4.4439306259,4.6545739174,5.573266983,4.5600762367,4.6424255371,4.4933347702,4.3515429497,4.4476556778,4.5993518829,4.615945816,5.1137528419,5.6935248375,8.3525047302,10.4696989059,14.0899419785,16.2740325928,17.7193889618,16.2064685822,15.2799282074,14.58294487,13.2246084213,12.0851449966,11.2654714584,10.0318756104,12.1065530777,11.4938268661,13.0067501068,12.5017995834,12.8504219055,14.1458644867,13.664144516,12.6796264648,13.4794311523,16.0482311249,20.3358745575,19.3910160065,14.4699525833
16.8026485443,17.1272735596,17.3534145355,13.6329774857,12.5716905594,12.3626213074,11.7982673645,10.2284374237,9.6147375107,8.8044404984,8.8885822296,8.6373329163,8.1219186783,6.7534675598,6.7480831146,7.5106630325,7.0777411461,7.2537107468,7.366941452,7.9581890106,7.685397625,7.7814211845,8.2986850739,8.3940382004,8.0588188171,8.8363237381,9.8228759766,10.9430217743,10.7446613312,10.4147853851,9.320025444,8.6976547241,7.8652243614,6.834089756,6.4769616127,6.9982252121,7.0232300758,7.8683905602,7.770275116,9.5369138718,8.7832641602,8.6619052887,9.8267765045,10.0117378235,9.0018444061,9.7031745911,11.4417610168,14.5780887604,13.7103176117,9.6508026123
9.7705287933,8.1081533432,7.8906302452,7.0117611885,6.7308497429,7.2835621834,7.8931255341,7.0384626389,7.4993648529,7.7783198357,7.4695148468,7.0059595108,7.5630426407,7.4798798561,6.573205471,7.0011487007,6.8430566788,6.9311275482,6.4307527542,7.037563324,6.6111536026,6.165037632,6.7367091179,6.2890768051,8.0408964157,9.4773321152,12.1886758804,15.0636768341,14.5317983627,13.8058614731,10.5229930878,9.6215858459,9.4366989136,9.1916465759,8.9086790085,8.7484741211,7.9566679001,9.0507717133,9.528968811,11.2073469162,10.2056884766,9.5475587845,10.4845457077,10.575961113,10.3009128571,13.0421962738,14.418296814,20.7004146576,18.282535553,12.9330453873
4.1159529686,3.9055473804,3.495708704,3.7219228745,3.6771798134,5.0983638763,5.5435361862,5.813272953,5.5044836998,7.2632417679,8.2549886703,8.4525403976,7.5081181526,9.3086042404,9.3663644791,10.0065422058,10.608045578,11.712313652,10.8349876404,11.7341556549,11.6554870605,10.1881437302,12.1768856049,11.9006929398,16.9791469574,22.5668354034,32.028678894,38.5959777832,36.9080276489,34.8815841675,26.0993041992,23.8275585175,22.423500061,23.7175216675,21.0062179565,17.0529403687,17.6224822998,23.8179664612,18.5993976593,23.6284122467,17.8549022675,16.896194458,17.3116397858,18.084154129,17.8730239868,18.0743293762,17.1591701508,18.2726707458,16.4088306427,11.5537691116
15.3585834503,15.6544027328,16.2915363312,14.859128952,13.6412115097,14.0193004608,13.9168462753,11.5849599838,11.4937601089,10.4456119537,9.1519489288,8.0756673813,8.1658315659,8.4400730133,8.35932827,8.3809728622,7.647649765,7.6510829926,7.7856173515,7.9723491669,8.2143421173,7.2724270821,7.7040219307,8.0157337189,8.1877145767,10.2942476273,12.1420593262,12.6803092957,12.5075082779,12.343164444,11.8036279678,11.1670351028,10.1269426346,11.6711549759,11.0923709869,12.8624315262,14.5121631622,17.2972431183,17.9852733612,19.0809822083,16.5299167633,15.2888422012,14.7253065109,14.611738205,12.946647644,14.3204555511,14.7941045761,17.1830310822,15.8654994965,11.3620586395
13.7014408112,13.2921180725,11.1463375092,10.8122997284,11.0021562576,10.7444009781,9.3074731827,9.942533493,9.7030267715,9.0851993561,8.6805400848,8.9344024658,9.5927524567,9.2675065994,8.4368076324,8.6007785797,8.6472206116,8.7564373016,7.8140296936,9.0444822311,8.6653528214,7.5508418083,7.764251709,8.3738622665,8.3039808273,10.9538002014,14.6855964661,15.1094484329,14.3793420792,13.9350366592,12.6952543259,11.1301822662,11.5956096649,9.9699010849,9.6284208298,10.5654335022,11.3190822601,12.6639909744,13.7693014145,14.9769248962,13.7477807999,13.8569126129,13.0967512131,13.1471567154,13.1764154434,14.7992486954,17.3584442139,22.4447860718,19.0008945465,13.1497335434
12.9098463058,11.8059902191,9.2710514069,8.147942543,8.3092041016,6.9211907387,6.3803806305,5.7073354721,5.4422035217,5.7999529839,5.8701133728,7.2958273888,7.9470562935,7.2004137039,6.9697098732,7.5340242386,7.5756678581,7.0749387741,6.8306498528,8.0559558868,9.2125654221,9.73001194,10.2110471725,9.6046562195,9.6273937225,10.1276874542,11.2419347763,12.1328859329,11.0929574966,11.781914711,10.8676862717,10.2371273041,9.7500543594,9.5478591919,8.4619951248,7.4474372864,8.2042760849,8.4593286514,8.2105798721,9.2753314972,7.8402991295,7.9297227859,8.7624902725,9.3035669327,9.8067512512,12.8657922745,15.8314876556,20.8174228668,17.8446369171,12.3472614288
5.3380455971,5.5067410469,4.5050425529,4.6523694992,4.2615175247,4.0240988731,3.937104702,3.9298195839,4.0356616974,3.6128952503,4.2969307899,5.1325106621,5.4966201782,4.5379657745,4.5132770538,5.1733255386,5.7829623222,5.3727140427,5.674328804,6.5078601837,6.9885568619,6.7804179192,7.8667736053,7.4060044289,8.3965644836,8.2672796249,10.0627145767,10.9489326477,10.1478490829,9.0144948959,8.3541078568,8.5718336105,9.8851079941,11.2383432388,11.3699111938,12.7009067535,12.057135582,12.8168821335,14.4376068115,15.9008045197,14.1936826706,14.8636140823,13.9559640884,11.37059021,11.5818214417,12.9957151413,14.1980285645,17.2794685364,14.6548671722,10.174071312
3.4302692413,2.5870902538,2.4172549248,2.2195761204,2.1671352386,2.0791935921,2.0431962013,2.0595192909,2.1525604725,2.226303339,2.6828975677,2.972599268,2.9290714264,2.8362753391,3.0339815617,3.3013246059,3.7600619793,4.1750779152,4.4224953651,5.4757070541,6.2015442848,6.4857501984,7.0924210548,7.3267250061,8.4422893524,9.7788600922,11.410443306,12.5263977051,12.1437187195,11.217300415,10.0637569427,8.7700214386,9.6410894394,10.1415576935,10.1303052902,13.4119491577,12.1806936264,10.6484098434,12.7533102036,13.1347227097,12.5323963165,14.2962360382,13.7812805176,12.0637149811,11.5340127945,13.0915908813,14.0913276672,17.9123153687,14.6057729721,9.8577566147
4.2462191582,3.9978256226,3.1653892994,2.9726481438,2.5414004326,2.4524230957,2.4794280529,2.4099402428,2.4273374081,2.5249857903,2.3922514915,2.2137722969,2.6682293415,3.1107494831,3.5082678795,3.4883630276,3.2846829891,3.8075633049,4.5329251289,5.7195296288,5.8150801659,5.6110644341,5.713757515,5.4370837212,6.1548762321,6.0880017281,6.7381067276,7.2730288506,6.6970219612,5.9394750595,4.6291155815,4.9757232666,4.8233346939,5.1905550957,4.5532326698,4.4919366837,4.6845068932,5.1555404663,5.7883210182,6.9790911674,6.1222519875,7.4982891083,7.7445311546,8.2645788193,10.5988082886,13.9026098251,16.955953598,21.3249454498,17.8857707977,11.7583770752
15.8273773193,13.3370018005,9.4689979553,8.3360157013,7.4316010475,6.5545244217,6.6170454025,6.2300848961,6.8655343056,6.7728161812,6.4729833603,6.0761961937,6.2248668671,6.1820325851,6.2705526352,6.4521284103,5.9495873451,6.7345905304,7.07807827,7.904317379,8.3381490707,7.7550830841,8.0028400421,8.2327184677,9.2821369171,10.6781663895,11.8074884415,13.0374832153,12.5266180038,11.866528511,10.4075555801,9.5478849411,8.8674526215,9.1009044647,9.2127599716,8.3756303787,8.2305383682,8.2507610321,8.4301481247,8.2630691528,7.4335579872,7.8191242218,7.727077961,7.8516206741,9.7740745544,13.4168863297,16.1385612488,21.1843090057,18.2863330841,12.5474500656
4.0442929268,4.2673668861,3.6917080879,3.1670362949,2.5486860275,2.3828849792,2.4579510689,2.8210301399,2.7426190376,2.507440567,3.2736480236,3.7243862152,3.9105973244,4.316423893,4.2395133972,4.4612259865,4.1534972191,4.1404981613,4.2697329521,5.070725441,6.4070854187,6.0784192085,6.1327371597,7.3045415878,8.3505134583,12.5289888382,12.8732662201,13.8791885376,13.6122808456,12.6780452728,11.5128946304,10.6558818817,9.9194383621,10.5208053589,9.9291152954,10.1634349823,9.8213348389,10.6164865494,12.5759773254,12.327296257,10.4371156693,10.4254398346,11.2321081161,11.0241355896,12.7288036346,15.9843454361,17.7221298218,19.6267127991,16.6993637085,11.3722963333
30.9068756104,30.3833770752,27.1749534607,22.462934494,19.9872360229,20.9415683746,18.6469173431,14.9735164642,14.1324253082,13.4913215637,13.0190181732,12.9009981155,12.4571180344,12.7159128189,11.5157423019,12.3335428238,12.4778156281,12.3439092636,10.7768764496,12.1896429062,14.3249435425,13.6054468155,13.3530626297,13.1753463745,16.1061210632,18.2827682495,18.8762722015,19.6864128113,19.6220226288,19.3646850586,20.5954456329,16.7437591553,14.4973134995,14.0278997421,15.6122932434,16.5752830505,15.5343370438,17.4052085876,20.8029251099,19.6823406219,17.4607849121,16.4254245758,17.910364151,16.5183315277,17.3915748596,23.3674182892,24.9619369507,27.7466659546,22.7982273102,15.371796608
20.8311634064,20.4170513153,17.3506813049,16.8384914398,15.7077217102,16.2640285492,15.731970787,13.8647003174,12.8937387466,11.5882358551,10.2940778732,9.4070529938,9.223107338,9.4600143433,9.2175006866,9.4578351974,10.1389474869,11.0701580048,10.7205152512,10.2659816742,10.5539093018,10.0954313278,10.5955667496,10.8545455933,10.9898757935,15.6630334854,16.4571495056,18.5484466553,19.9726314545,18.5559864044,18.1318836212,16.5929088593,14.8326129913,15.0952014923,15.0089712143,15.023443222,12.7735967636,12.5052833557,13.1271715164,13.9556884766,12.7166156769,12.8307771683,14.3018417358,14.8022289276,17.0700454712,22.2582168579,24.7891540527,26.2104492188,22.54596138,14.323018074
10.693649292,11.7643632889,11.3082046509,12.4709539413,10.6107416153,12.2982568741,9.9163150787,10.2643251419,9.9769735336,9.5093793869,9.1984233856,8.0018882751,8.26263237,7.6855945587,8.2607240677,8.8759250641,7.6630649567,9.5138654709,10.9607858658,11.8915185928,12.1461668015,14.8679151535,14.926320076,12.2734031677,12.6991224289,11.5053052902,11.2223091125,12.2498426437,13.4384269714,13.866733551,14.8215532303,15.1352653503,13.8266353607,14.495057106,14.3741865158,13.4804935455,13.028799057,11.6498727798,11.3355464935,11.4575395584,10.8394107819,12.8247241974,12.2572450638,12.9830513,15.4106855392,19.8867435455,22.340511322,23.3092937469,21.07380867,13.7310428619
6.0886902809,5.2206115723,5.4024438858,5.1438422203,5.3358941078,4.8938999176,4.6691117287,4.8392839432,4.9395446777,4.4382982254,4.755133152,4.746732235,5.4472203255,6.2948923111,6.2517061234,5.897500515,5.9509444237,6.4373064041,5.9849667549,6.9631547928,8.0882492065,7.1522688866,7.5749316216,7.232840538,8.8178834915,12.2452936172,11.7524576187,12.7024974823,13.900053978,13.1131620407,11.9673957825,11.1490011215,9.9994535446,9.3075876236,8.7573785782,9.1947469711,8.3788394928,10.0277194977,11.0693454742,11.7430353165,11.4810705185,13.1742324829,13.4674882889,12.7289676666,16.5609130859,20.1140766144,21.4171257019,22.677532196,20.842464447,13.8517074585
5.1432981491,5.2017922401,4.8274817467,4.5413007736,3.953961134,3.9017539024,3.7758176327,3.9861733913,4.4377088547,5.06945467,5.5345339775,5.9933829308,6.5007791519,7.0466995239,7.0829286575,7.0808339119,8.1271371841,9.8486013412,10.0105791092,9.9168834686,9.3550786972,8.3133401871,8.8058328629,9.38945961,9.8228130341,13.2461633682,13.7979269028,14.3854141235,14.6911296844,14.8570756912,13.9525384903,13.4769096375,12.466917038,12.3207902908,11.2071475983,10.5680732727,9.5124225616,10.0909481049,9.7670936584,11.2464981079,12.0243597031,13.4732112885,14.2954053879,15.1251878738,18.239490509,21.9785881042,22.2599334717,23.2342433929,22.0286254883,14.8491640091
11.4515981674,13.2415246964,11.6334161758,10.7287082672,9.4843702316,9.6786317825,8.6500797272,7.679690361,7.475028038,8.3754014969,7.5191841125,7.5305409431,9.0492506027,10.1300182343,10.417881012,10.2203292847,11.1928453445,13.4933862686,14.2375612259,16.4759178162,13.5782232285,15.8637075424,15.4663820267,13.0916137695,12.5908260345,14.946439743,14.7913618088,16.9764518738,20.0131702423,19.2821159363,19.0788021088,16.2224197388,15.1795606613,13.2371606827,12.1304368973,11.9543399811,10.8820714951,11.4543495178,10.4988126755,11.4911756516,11.8500242233,13.6381187439,13.7653236389,12.8691148758,16.4605064392,21.5288543701,21.6386795044,20.7097034454,19.3439216614,12.531504631
11.5437374115,9.4155807495,8.2519350052,7.381401062,6.5144042969,6.4401078224,6.1115522385,5.8458433151,5.799911499,5.5473132133,5.6223931313,5.9759407043,6.5004396439,6.2791252136,6.2518815994,6.0720515251,6.7528877258,7.5218596458,7.5996699333,7.2377653122,7.1417469978,7.1774659157,7.2257304192,7.8744492531,8.2746629715,11.4144649506,12.2920732498,13.220281601,14.5171918869,13.0907945633,12.0532808304,11.751868248,11.4449386597,11.1309728622,10.1723155975,10.054315567,9.8878307343,10.2283010483,10.7634143829,11.9220628738,12.9042043686,13.2129402161,14.4291753769,15.8677091599,19.9698505402,22.9124183655,22.7931442261,23.1704502106,21.5579605103,14.3182754517
11.5590553284,8.3574333191,7.0867781639,5.8211278915,5.7169151306,5.5330367088,6.2505879402,6.5008363724,5.9953484535,5.7213196754,5.332505703,5.4459795952,5.804415226,5.6504058838,5.4814758301,5.9196510315,6.4883785248,8.2171201706,8.9297332764,11.0680780411,10.0368080139,10.1035728455,9.9738950729,9.547287941,9.8307151794,10.619222641,10.2596273422,12.7637310028,12.5072078705,11.4046096802,10.5342617035,10.145485878,10.4238967896,11.5611276627,10.4121236801,10.4613170624,10.7527704239,12.8562746048,11.8089933395,11.7759428024,11.5158004761,14.3355808258,16.1125850677,16.5385456085,19.3263874054,22.7068271637,21.9573879242,21.4190731049,19.9693984985,13.34623909
8.8198394775,9.5389184952,9.072593689,7.1010327339,6.8698635101,6.5198369026,5.6026587486,4.8941493034,4.5964207649,4.004219532,4.2375512123,3.6203830242,3.3042345047,3.6178278923,3.3728249073,3.8272407055,3.839307785,4.0020551682,4.5350379944,4.8502912521,5.090929985,4.9933276176,5.1041522026,4.8208470345,5.0872836113,6.2521924973,6.6816310883,6.3528823853,7.5616698265,7.6732540131,8.064696312,9.1754713058,8.6305932999,9.8118619919,9.0280942917,9.1424760818,10.600777626,12.4773015976,12.2247467041,12.9879560471,11.6806707382,13.5663089752,15.0615901947,16.522644043,18.7833061218,21.123462677,21.0755615234,20.7463722229,20.2163772583,13.3134651184
19.4021568298,17.0513782501,16.8934192657,16.3441581726,15.5561027527,13.2761459351,11.6440839767,10.6408367157,11.0252923965,9.9750165939,9.0264987946,8.3601942062,8.0051679611,8.0265731812,8.1651573181,9.3893251419,8.2769479752,8.6069746017,9.252327919,9.5567722321,9.7902107239,10.0854969025,10.7264757156,9.1778430939,9.7279624939,9.8661880493,10.7756290436,12.9794044495,12.9252567291,12.4343290329,13.7840070724,12.4740638733,12.4772090912,14.2451057434,13.9136066437,14.1326408386,16.224149704,16.9955387115,16.8990097046,17.8253936768,18.0017528534,19.9794692993,23.6426525116,23.3971405029,24.0467357635,24.2505722046,24.7254867554,23.215877533,21.9430046082,15.4012918472
5.4490942955,4.6909475327,3.8488850594,3.2388415337,3.4682972431,3.0422475338,2.9300282001,3.2477455139,3.2945699692,2.9092831612,2.8566777706,2.9751808643,2.7585597038,2.8106918335,2.943808794,3.7976686954,4.7230415344,5.9429750443,6.303232193,6.8161301613,6.5539951324,6.7301168442,7.1816978455,6.4481639862,5.7024202347,5.2447009087,6.7341513634,7.1180086136,8.670630455,8.7772026062,9.8090982437,9.9354333878,9.4230031967,11.5254335403,11.8278970718,12.4241752625,16.3283729553,17.6938247681,16.4171733856,16.2756195068,15.0015993118,16.8992385864,18.047410965,17.5955753326,19.2200622559,21.0187931061,19.8002872467,18.1097793579,17.9446926117,12.1960992813
5.7994155884,5.5028114319,4.7632608414,4.4922094345,4.2193183899,4.0718073845,4.6006331444,5.2697715759,5.2039651871,4.9210467339,5.7394251823,5.5634727478,5.4216961861,5.2053799629,5.8726859093,7.6261987686,8.1372709274,10.8851194382,12.5650472641,14.4460029602,14.3281173706,13.4032392502,13.6212625504,13.3797607422,12.081410408,12.5368385315,11.3994235992,11.8920049667,12.8041658401,11.0912055969,9.2312107086,9.3258075714,9.1502685547,8.9059514999,10.0999412537,11.4296216965,12.4597768784,12.8912124634,12.5344104767,13.7489271164,15.770111084,17.515089035,18.9454212189,21.3256835938,23.3042831421,25.1258144379,25.1427764893,21.9846191406,21.166852951,14.54139328
15.9521083832,13.1377334595,11.6761226654,13.5620574951,11.5327997208,11.2025175095,9.7827529907,8.9777612686,10.0239505768,7.9040822983,9.0910196304,8.3474617004,8.2111740112,8.2602157593,8.2223100662,8.1629962921,8.40620327,9.7117204666,9.8665103912,10.2796373367,9.7859449387,9.6658372879,9.9279813766,8.8068704605,9.0333127975,9.3636312485,9.0447282791,10.2900972366,10.2551498413,9.4825515747,8.6602144241,8.3544034958,8.5937309265,10.4924297333,11.7260961533,11.9378004074,13.82472229,14.375038147,13.3365278244,13.7751989365,17.1194400787,19.5783653259,20.2532539368,21.5261611938,23.5643978119,25.1478691101,26.4635772705,24.6376056671,23.3932857513,16.6214065552
6.4152889252,5.9747467041,5.2435259819,6.4290795326,6.087583065,5.1100745201,4.9960074425,4.6581501961,5.1368455887,4.9712018967,4.8729567528,4.2340121269,4.5612130165,4.2905812263,4.4486174583,5.4343099594,5.9095973969,6.2929263115,6.5779576302,6.7791771889,6.7286944389,6.1220011711,6.0595722198,5.8619875908,6.1006622314,6.4800024033,5.8493518829,6.4984273911,6.4754295349,5.9497671127,5.4325232506,5.3844695091,5.102950573,4.5723357201,5.49025774,5.9180040359,6.6415815353,6.9004335403,7.2919020653,8.6057710648,10.0843505859,12.0609540939,13.5603723526,14.2495384216,14.3571796417,16.0018959045,15.709690094,16.2507781982,15.9428415298,10.562587738
17.3746509552,16.0139713287,14.304432869,13.9243192673,11.63418293,11.2633581161,9.2581424713,9.2812328339,10.4603900909,9.2792730331,9.2406072617,8.4090385437,8.0838632584,8.3210992813,7.9187917709,7.7793374062,8.5921831131,10.8179292679,11.5376615524,12.2225284576,11.2560634613,9.9555397034,9.5845394135,8.3943767548,8.8883914948,8.6263551712,9.199845314,9.898639679,13.5219917297,13.1638498306,12.8219842911,11.3385286331,11.6811914444,13.7444620132,15.0444946289,15.5517587662,19.7216796875,20.7253856659,17.9381885529,16.3590373993,17.9854183197,21.6833839417,22.3455104828,21.7842388153,21.6779575348,22.9067382813,22.7463684082,23.0506877899,21.3930606842,14.0460062027
8.6019058228,7.4523377419,7.0911641121,5.7753481865,5.6498780251,5.7016658783,4.8789248466,4.9545235634,4.4612922668,4.0943117142,3.8890688419,3.7110846043,3.7176120281,3.836796999,3.9110238552,4.4340472221,4.5761198997,5.693801403,6.0466880798,6.8019132614,6.1895098686,5.467215538,5.2892131805,5.3438501358,5.0128979683,6.0536575317,5.5364189148,5.9434432983,7.2837939262,6.967487812,7.2269997597,7.3425898552,7.072163105,6.596362114,7.9137530327,8.6960029602,9.0664749146,10.151720047,10.5204391479,11.7126913071,14.7592811584,16.0170612335,17.2918453217,17.1796855927,18.246629715,20.4789657593,20.3384628296,18.9940719604,19.0744800568,13.4520721436
7.1317439079,5.5633296967,5.3483481407,5.7774138451,5.8848938942,5.8956928253,5.3888239861,5.5528259277,5.7268724442,4.6244716644,4.5854034424,5.0626678467,5.1980619431,4.6318149567,4.5860896111,5.2068123817,6.3907737732,9.3097438812,10.7099027634,12.1295146942,9.9697256088,10.1327495575,9.8394517899,8.9740476608,8.9156942368,9.6136922836,8.5950145721,9.3737840652,10.8667430878,10.6509056091,9.0930967331,8.3039197922,8.112821579,7.5477604866,10.0425834656,9.4462909698,9.2487392426,9.7403345108,9.9571590424,10.8694868088,14.1139097214,14.7043437958,16.6311740875,16.3384189606,18.725402832,19.5423679352,20.0030155182,19.1725730896,18.119348526,11.7768497467
5.158249855,5.1399970055,5.3323812485,5.6577768326,5.9096627235,5.9331026077,6.056227684,5.9049739838,5.6677193642,6.5318822861,7.1159949303,7.2724084854,9.0393915176,8.5310525894,8.6487808228,10.7258739471,12.3537006378,14.7822742462,15.8128166199,15.8168516159,14.9193210602,14.8272571564,14.5871696472,12.5956993103,12.2714490891,11.2101049423,10.6133480072,10.1053199768,9.9748306274,9.7391586304,9.1945285797,8.3539953232,7.7641587257,7.481388092,8.2004098892,7.9834766388,7.7418599129,8.18334198,8.8468103409,9.8389377594,11.2134990692,12.9603567123,13.9997797012,13.5881462097,15.248049736,16.3330936432,15.6079654694,16.2958946228,15.6978445053,10.6262969971
13.3768205643,13.6847658157,12.8585472107,11.4887266159,9.4618148804,9.5624713898,8.3294410706,7.4154996872,6.588104248,5.7820954323,5.4682641029,5.0143389702,4.9317169189,5.1640486717,5.3798966408,5.9822626114,5.2512321472,6.7638115883,7.2830343246,7.7848381996,7.3733067513,6.896551609,7.081360817,6.8089604378,6.5857992172,6.7561373711,6.4461011887,7.0590438843,7.676800251,8.3121929169,9.8693437576,9.7305459976,10.8867425919,10.1301136017,14.7423782349,13.4826002121,11.7368040085,12.627623558,11.9290027618,13.0968942642,14.8274621964,13.7293128967,14.1227464676,13.5943365097,15.8557901382,16.9138412476,18.3939590454,18.9316768646,18.80260849,13.2027425766
12.5521278381,12.2403154373,11.1872730255,9.4470005035,7.9859142303,8.6010313034,8.0008554459,8.4572134018,8.2747631073,7.8177366257,8.167175293,10.0210189819,12.1751117706,10.722864151,11.6693763733,11.0526361465,13.070186615,17.2135105133,17.8072566986,17.2874164581,16.5322875977,14.5096473694,13.2326793671,14.7822313309,15.1744976044,15.9678421021,16.3292121887,14.5652542114,13.266831398,12.8524312973,11.2468481064,10.1954050064,11.8458461761,10.7300167084,12.2730350494,11.9405670166,11.2584695816,10.3099164963,10.6887636185,12.1422710419,14.1637687683,13.0274553299,12.8237943649,12.4340305328,15.6449317932,16.9916496277,17.8077049255,18.7014694214,16.9983692169,11.8820762634
